<?xml version="1.0" encoding="UTF-8"?>
<root>
  <item name="com.pspdfkit.framework.rendering.options.BaseRenderOptions priority">
    <annotation name="android.support.annotation.IntDef">
      <val name="value" val="{com.pspdfkit.framework.utilities.threading.PriorityScheduler.PRIORITY_HIGHER, com.pspdfkit.framework.utilities.threading.PriorityScheduler.PRIORITY_HIGH, com.pspdfkit.framework.utilities.threading.PriorityScheduler.PRIORITY_NORMAL, com.pspdfkit.framework.utilities.threading.PriorityScheduler.PRIORITY_LOW, com.pspdfkit.framework.utilities.threading.PriorityScheduler.PRIORITY_BACKGROUND}" />
    </annotation>
  </item>
  <item name="com.pspdfkit.framework.rendering.options.BaseRenderOptions.Builder com.pspdfkit.framework.rendering.options.BaseRenderOptions.Builder priority(int) 0">
    <annotation name="android.support.annotation.IntDef">
      <val name="value" val="{com.pspdfkit.framework.utilities.threading.PriorityScheduler.PRIORITY_HIGHER, com.pspdfkit.framework.utilities.threading.PriorityScheduler.PRIORITY_HIGH, com.pspdfkit.framework.utilities.threading.PriorityScheduler.PRIORITY_NORMAL, com.pspdfkit.framework.utilities.threading.PriorityScheduler.PRIORITY_LOW, com.pspdfkit.framework.utilities.threading.PriorityScheduler.PRIORITY_BACKGROUND}" />
    </annotation>
  </item>
  <item name="com.pspdfkit.framework.rendering.options.BaseRenderOptions.Builder&lt;T&gt; priority">
    <annotation name="android.support.annotation.IntDef">
      <val name="value" val="{com.pspdfkit.framework.utilities.threading.PriorityScheduler.PRIORITY_HIGHER, com.pspdfkit.framework.utilities.threading.PriorityScheduler.PRIORITY_HIGH, com.pspdfkit.framework.utilities.threading.PriorityScheduler.PRIORITY_NORMAL, com.pspdfkit.framework.utilities.threading.PriorityScheduler.PRIORITY_LOW, com.pspdfkit.framework.utilities.threading.PriorityScheduler.PRIORITY_BACKGROUND}" />
    </annotation>
  </item>
  <item name="com.pspdfkit.framework.rendering.options.DocumentEditorPageRenderOptions.Builder com.pspdfkit.framework.rendering.options.DocumentEditorPageRenderOptions.Builder priority(int) 0">
    <annotation name="android.support.annotation.IntDef">
      <val name="value" val="{com.pspdfkit.framework.utilities.threading.PriorityScheduler.PRIORITY_HIGHER, com.pspdfkit.framework.utilities.threading.PriorityScheduler.PRIORITY_HIGH, com.pspdfkit.framework.utilities.threading.PriorityScheduler.PRIORITY_NORMAL, com.pspdfkit.framework.utilities.threading.PriorityScheduler.PRIORITY_LOW, com.pspdfkit.framework.utilities.threading.PriorityScheduler.PRIORITY_BACKGROUND}" />
    </annotation>
  </item>
  <item name="com.pspdfkit.framework.rendering.options.FullPageRenderOptions.Builder com.pspdfkit.framework.rendering.options.FullPageRenderOptions.Builder priority(int) 0">
    <annotation name="android.support.annotation.IntDef">
      <val name="value" val="{com.pspdfkit.framework.utilities.threading.PriorityScheduler.PRIORITY_HIGHER, com.pspdfkit.framework.utilities.threading.PriorityScheduler.PRIORITY_HIGH, com.pspdfkit.framework.utilities.threading.PriorityScheduler.PRIORITY_NORMAL, com.pspdfkit.framework.utilities.threading.PriorityScheduler.PRIORITY_LOW, com.pspdfkit.framework.utilities.threading.PriorityScheduler.PRIORITY_BACKGROUND}" />
    </annotation>
  </item>
  <item name="com.pspdfkit.framework.rendering.options.PageRegionRenderOptions.Builder com.pspdfkit.framework.rendering.options.PageRegionRenderOptions.Builder priority(int) 0">
    <annotation name="android.support.annotation.IntDef">
      <val name="value" val="{com.pspdfkit.framework.utilities.threading.PriorityScheduler.PRIORITY_HIGHER, com.pspdfkit.framework.utilities.threading.PriorityScheduler.PRIORITY_HIGH, com.pspdfkit.framework.utilities.threading.PriorityScheduler.PRIORITY_NORMAL, com.pspdfkit.framework.utilities.threading.PriorityScheduler.PRIORITY_LOW, com.pspdfkit.framework.utilities.threading.PriorityScheduler.PRIORITY_BACKGROUND}" />
    </annotation>
  </item>
</root>

