<?xml version="1.0" encoding="UTF-8"?>
<root>
  <item name="com.pspdfkit.framework.utilities.PdfLog void d(int, java.lang.String, java.lang.String, java.lang.Object...) 0">
    <annotation name="android.support.annotation.IntDef">
      <val name="value" val="{com.pspdfkit.framework.utilities.PdfLog.NONE, com.pspdfkit.framework.utilities.PdfLog.BITMAP_CACHING, com.pspdfkit.framework.utilities.PdfLog.PDF_VIEWS, com.pspdfkit.framework.utilities.PdfLog.ANNOTATIONS, com.pspdfkit.framework.utilities.PdfLog.TEXT, com.pspdfkit.framework.utilities.PdfLog.EVENT_BUS, com.pspdfkit.framework.utilities.PdfLog.INPUT_OUTPUT, com.pspdfkit.framework.utilities.PdfLog.RELEASE_LOG, com.pspdfkit.framework.utilities.PdfLog.ACCESSIBILITY, com.pspdfkit.framework.utilities.PdfLog.DATABASE, com.pspdfkit.framework.utilities.PdfLog.LOCALIZATION, com.pspdfkit.framework.utilities.PdfLog.FORMS, com.pspdfkit.framework.utilities.PdfLog.INSTANT, com.pspdfkit.framework.utilities.PdfLog.HTTP, com.pspdfkit.framework.utilities.PdfLog.SECURITY, com.pspdfkit.framework.utilities.PdfLog.CHECKPOINT, com.pspdfkit.framework.utilities.PdfLog.UNDO_REDO, com.pspdfkit.framework.utilities.PdfLog.JAVASCRIPT, com.pspdfkit.framework.utilities.PdfLog.METADATA}" />
    </annotation>
  </item>
  <item name="com.pspdfkit.framework.utilities.PdfLog void d(int, java.lang.String, java.lang.Throwable, java.lang.String, java.lang.Object...) 0">
    <annotation name="android.support.annotation.IntDef">
      <val name="value" val="{com.pspdfkit.framework.utilities.PdfLog.NONE, com.pspdfkit.framework.utilities.PdfLog.BITMAP_CACHING, com.pspdfkit.framework.utilities.PdfLog.PDF_VIEWS, com.pspdfkit.framework.utilities.PdfLog.ANNOTATIONS, com.pspdfkit.framework.utilities.PdfLog.TEXT, com.pspdfkit.framework.utilities.PdfLog.EVENT_BUS, com.pspdfkit.framework.utilities.PdfLog.INPUT_OUTPUT, com.pspdfkit.framework.utilities.PdfLog.RELEASE_LOG, com.pspdfkit.framework.utilities.PdfLog.ACCESSIBILITY, com.pspdfkit.framework.utilities.PdfLog.DATABASE, com.pspdfkit.framework.utilities.PdfLog.LOCALIZATION, com.pspdfkit.framework.utilities.PdfLog.FORMS, com.pspdfkit.framework.utilities.PdfLog.INSTANT, com.pspdfkit.framework.utilities.PdfLog.HTTP, com.pspdfkit.framework.utilities.PdfLog.SECURITY, com.pspdfkit.framework.utilities.PdfLog.CHECKPOINT, com.pspdfkit.framework.utilities.PdfLog.UNDO_REDO, com.pspdfkit.framework.utilities.PdfLog.JAVASCRIPT, com.pspdfkit.framework.utilities.PdfLog.METADATA}" />
    </annotation>
  </item>
  <item name="com.pspdfkit.framework.utilities.PdfLog void e(int, java.lang.String, java.lang.String, java.lang.Object...) 0">
    <annotation name="android.support.annotation.IntDef">
      <val name="value" val="{com.pspdfkit.framework.utilities.PdfLog.NONE, com.pspdfkit.framework.utilities.PdfLog.BITMAP_CACHING, com.pspdfkit.framework.utilities.PdfLog.PDF_VIEWS, com.pspdfkit.framework.utilities.PdfLog.ANNOTATIONS, com.pspdfkit.framework.utilities.PdfLog.TEXT, com.pspdfkit.framework.utilities.PdfLog.EVENT_BUS, com.pspdfkit.framework.utilities.PdfLog.INPUT_OUTPUT, com.pspdfkit.framework.utilities.PdfLog.RELEASE_LOG, com.pspdfkit.framework.utilities.PdfLog.ACCESSIBILITY, com.pspdfkit.framework.utilities.PdfLog.DATABASE, com.pspdfkit.framework.utilities.PdfLog.LOCALIZATION, com.pspdfkit.framework.utilities.PdfLog.FORMS, com.pspdfkit.framework.utilities.PdfLog.INSTANT, com.pspdfkit.framework.utilities.PdfLog.HTTP, com.pspdfkit.framework.utilities.PdfLog.SECURITY, com.pspdfkit.framework.utilities.PdfLog.CHECKPOINT, com.pspdfkit.framework.utilities.PdfLog.UNDO_REDO, com.pspdfkit.framework.utilities.PdfLog.JAVASCRIPT, com.pspdfkit.framework.utilities.PdfLog.METADATA}" />
    </annotation>
  </item>
  <item name="com.pspdfkit.framework.utilities.PdfLog void e(int, java.lang.String, java.lang.Throwable, java.lang.String, java.lang.Object...) 0">
    <annotation name="android.support.annotation.IntDef">
      <val name="value" val="{com.pspdfkit.framework.utilities.PdfLog.NONE, com.pspdfkit.framework.utilities.PdfLog.BITMAP_CACHING, com.pspdfkit.framework.utilities.PdfLog.PDF_VIEWS, com.pspdfkit.framework.utilities.PdfLog.ANNOTATIONS, com.pspdfkit.framework.utilities.PdfLog.TEXT, com.pspdfkit.framework.utilities.PdfLog.EVENT_BUS, com.pspdfkit.framework.utilities.PdfLog.INPUT_OUTPUT, com.pspdfkit.framework.utilities.PdfLog.RELEASE_LOG, com.pspdfkit.framework.utilities.PdfLog.ACCESSIBILITY, com.pspdfkit.framework.utilities.PdfLog.DATABASE, com.pspdfkit.framework.utilities.PdfLog.LOCALIZATION, com.pspdfkit.framework.utilities.PdfLog.FORMS, com.pspdfkit.framework.utilities.PdfLog.INSTANT, com.pspdfkit.framework.utilities.PdfLog.HTTP, com.pspdfkit.framework.utilities.PdfLog.SECURITY, com.pspdfkit.framework.utilities.PdfLog.CHECKPOINT, com.pspdfkit.framework.utilities.PdfLog.UNDO_REDO, com.pspdfkit.framework.utilities.PdfLog.JAVASCRIPT, com.pspdfkit.framework.utilities.PdfLog.METADATA}" />
    </annotation>
  </item>
  <item name="com.pspdfkit.framework.utilities.PdfLog void i(int, java.lang.String, java.lang.String, java.lang.Object...) 0">
    <annotation name="android.support.annotation.IntDef">
      <val name="value" val="{com.pspdfkit.framework.utilities.PdfLog.NONE, com.pspdfkit.framework.utilities.PdfLog.BITMAP_CACHING, com.pspdfkit.framework.utilities.PdfLog.PDF_VIEWS, com.pspdfkit.framework.utilities.PdfLog.ANNOTATIONS, com.pspdfkit.framework.utilities.PdfLog.TEXT, com.pspdfkit.framework.utilities.PdfLog.EVENT_BUS, com.pspdfkit.framework.utilities.PdfLog.INPUT_OUTPUT, com.pspdfkit.framework.utilities.PdfLog.RELEASE_LOG, com.pspdfkit.framework.utilities.PdfLog.ACCESSIBILITY, com.pspdfkit.framework.utilities.PdfLog.DATABASE, com.pspdfkit.framework.utilities.PdfLog.LOCALIZATION, com.pspdfkit.framework.utilities.PdfLog.FORMS, com.pspdfkit.framework.utilities.PdfLog.INSTANT, com.pspdfkit.framework.utilities.PdfLog.HTTP, com.pspdfkit.framework.utilities.PdfLog.SECURITY, com.pspdfkit.framework.utilities.PdfLog.CHECKPOINT, com.pspdfkit.framework.utilities.PdfLog.UNDO_REDO, com.pspdfkit.framework.utilities.PdfLog.JAVASCRIPT, com.pspdfkit.framework.utilities.PdfLog.METADATA}" />
    </annotation>
  </item>
  <item name="com.pspdfkit.framework.utilities.PdfLog void i(int, java.lang.String, java.lang.Throwable, java.lang.String, java.lang.Object...) 0">
    <annotation name="android.support.annotation.IntDef">
      <val name="value" val="{com.pspdfkit.framework.utilities.PdfLog.NONE, com.pspdfkit.framework.utilities.PdfLog.BITMAP_CACHING, com.pspdfkit.framework.utilities.PdfLog.PDF_VIEWS, com.pspdfkit.framework.utilities.PdfLog.ANNOTATIONS, com.pspdfkit.framework.utilities.PdfLog.TEXT, com.pspdfkit.framework.utilities.PdfLog.EVENT_BUS, com.pspdfkit.framework.utilities.PdfLog.INPUT_OUTPUT, com.pspdfkit.framework.utilities.PdfLog.RELEASE_LOG, com.pspdfkit.framework.utilities.PdfLog.ACCESSIBILITY, com.pspdfkit.framework.utilities.PdfLog.DATABASE, com.pspdfkit.framework.utilities.PdfLog.LOCALIZATION, com.pspdfkit.framework.utilities.PdfLog.FORMS, com.pspdfkit.framework.utilities.PdfLog.INSTANT, com.pspdfkit.framework.utilities.PdfLog.HTTP, com.pspdfkit.framework.utilities.PdfLog.SECURITY, com.pspdfkit.framework.utilities.PdfLog.CHECKPOINT, com.pspdfkit.framework.utilities.PdfLog.UNDO_REDO, com.pspdfkit.framework.utilities.PdfLog.JAVASCRIPT, com.pspdfkit.framework.utilities.PdfLog.METADATA}" />
    </annotation>
  </item>
  <item name="com.pspdfkit.framework.utilities.PdfLog void v(int, java.lang.String, java.lang.String, java.lang.Object...) 0">
    <annotation name="android.support.annotation.IntDef">
      <val name="value" val="{com.pspdfkit.framework.utilities.PdfLog.NONE, com.pspdfkit.framework.utilities.PdfLog.BITMAP_CACHING, com.pspdfkit.framework.utilities.PdfLog.PDF_VIEWS, com.pspdfkit.framework.utilities.PdfLog.ANNOTATIONS, com.pspdfkit.framework.utilities.PdfLog.TEXT, com.pspdfkit.framework.utilities.PdfLog.EVENT_BUS, com.pspdfkit.framework.utilities.PdfLog.INPUT_OUTPUT, com.pspdfkit.framework.utilities.PdfLog.RELEASE_LOG, com.pspdfkit.framework.utilities.PdfLog.ACCESSIBILITY, com.pspdfkit.framework.utilities.PdfLog.DATABASE, com.pspdfkit.framework.utilities.PdfLog.LOCALIZATION, com.pspdfkit.framework.utilities.PdfLog.FORMS, com.pspdfkit.framework.utilities.PdfLog.INSTANT, com.pspdfkit.framework.utilities.PdfLog.HTTP, com.pspdfkit.framework.utilities.PdfLog.SECURITY, com.pspdfkit.framework.utilities.PdfLog.CHECKPOINT, com.pspdfkit.framework.utilities.PdfLog.UNDO_REDO, com.pspdfkit.framework.utilities.PdfLog.JAVASCRIPT, com.pspdfkit.framework.utilities.PdfLog.METADATA}" />
    </annotation>
  </item>
  <item name="com.pspdfkit.framework.utilities.PdfLog void v(int, java.lang.String, java.lang.Throwable, java.lang.String, java.lang.Object...) 0">
    <annotation name="android.support.annotation.IntDef">
      <val name="value" val="{com.pspdfkit.framework.utilities.PdfLog.NONE, com.pspdfkit.framework.utilities.PdfLog.BITMAP_CACHING, com.pspdfkit.framework.utilities.PdfLog.PDF_VIEWS, com.pspdfkit.framework.utilities.PdfLog.ANNOTATIONS, com.pspdfkit.framework.utilities.PdfLog.TEXT, com.pspdfkit.framework.utilities.PdfLog.EVENT_BUS, com.pspdfkit.framework.utilities.PdfLog.INPUT_OUTPUT, com.pspdfkit.framework.utilities.PdfLog.RELEASE_LOG, com.pspdfkit.framework.utilities.PdfLog.ACCESSIBILITY, com.pspdfkit.framework.utilities.PdfLog.DATABASE, com.pspdfkit.framework.utilities.PdfLog.LOCALIZATION, com.pspdfkit.framework.utilities.PdfLog.FORMS, com.pspdfkit.framework.utilities.PdfLog.INSTANT, com.pspdfkit.framework.utilities.PdfLog.HTTP, com.pspdfkit.framework.utilities.PdfLog.SECURITY, com.pspdfkit.framework.utilities.PdfLog.CHECKPOINT, com.pspdfkit.framework.utilities.PdfLog.UNDO_REDO, com.pspdfkit.framework.utilities.PdfLog.JAVASCRIPT, com.pspdfkit.framework.utilities.PdfLog.METADATA}" />
    </annotation>
  </item>
  <item name="com.pspdfkit.framework.utilities.PdfLog void w(int, java.lang.String, java.lang.String, java.lang.Object...) 0">
    <annotation name="android.support.annotation.IntDef">
      <val name="value" val="{com.pspdfkit.framework.utilities.PdfLog.NONE, com.pspdfkit.framework.utilities.PdfLog.BITMAP_CACHING, com.pspdfkit.framework.utilities.PdfLog.PDF_VIEWS, com.pspdfkit.framework.utilities.PdfLog.ANNOTATIONS, com.pspdfkit.framework.utilities.PdfLog.TEXT, com.pspdfkit.framework.utilities.PdfLog.EVENT_BUS, com.pspdfkit.framework.utilities.PdfLog.INPUT_OUTPUT, com.pspdfkit.framework.utilities.PdfLog.RELEASE_LOG, com.pspdfkit.framework.utilities.PdfLog.ACCESSIBILITY, com.pspdfkit.framework.utilities.PdfLog.DATABASE, com.pspdfkit.framework.utilities.PdfLog.LOCALIZATION, com.pspdfkit.framework.utilities.PdfLog.FORMS, com.pspdfkit.framework.utilities.PdfLog.INSTANT, com.pspdfkit.framework.utilities.PdfLog.HTTP, com.pspdfkit.framework.utilities.PdfLog.SECURITY, com.pspdfkit.framework.utilities.PdfLog.CHECKPOINT, com.pspdfkit.framework.utilities.PdfLog.UNDO_REDO, com.pspdfkit.framework.utilities.PdfLog.JAVASCRIPT, com.pspdfkit.framework.utilities.PdfLog.METADATA}" />
    </annotation>
  </item>
  <item name="com.pspdfkit.framework.utilities.PdfLog void w(int, java.lang.String, java.lang.Throwable, java.lang.String, java.lang.Object...) 0">
    <annotation name="android.support.annotation.IntDef">
      <val name="value" val="{com.pspdfkit.framework.utilities.PdfLog.NONE, com.pspdfkit.framework.utilities.PdfLog.BITMAP_CACHING, com.pspdfkit.framework.utilities.PdfLog.PDF_VIEWS, com.pspdfkit.framework.utilities.PdfLog.ANNOTATIONS, com.pspdfkit.framework.utilities.PdfLog.TEXT, com.pspdfkit.framework.utilities.PdfLog.EVENT_BUS, com.pspdfkit.framework.utilities.PdfLog.INPUT_OUTPUT, com.pspdfkit.framework.utilities.PdfLog.RELEASE_LOG, com.pspdfkit.framework.utilities.PdfLog.ACCESSIBILITY, com.pspdfkit.framework.utilities.PdfLog.DATABASE, com.pspdfkit.framework.utilities.PdfLog.LOCALIZATION, com.pspdfkit.framework.utilities.PdfLog.FORMS, com.pspdfkit.framework.utilities.PdfLog.INSTANT, com.pspdfkit.framework.utilities.PdfLog.HTTP, com.pspdfkit.framework.utilities.PdfLog.SECURITY, com.pspdfkit.framework.utilities.PdfLog.CHECKPOINT, com.pspdfkit.framework.utilities.PdfLog.UNDO_REDO, com.pspdfkit.framework.utilities.PdfLog.JAVASCRIPT, com.pspdfkit.framework.utilities.PdfLog.METADATA}" />
    </annotation>
  </item>
  <item name="com.pspdfkit.framework.utilities.PdfLog.DebugLogger boolean isLogged(int, int) 1">
    <annotation name="android.support.annotation.IntDef">
      <val name="value" val="{com.pspdfkit.framework.utilities.PdfLog.NONE, com.pspdfkit.framework.utilities.PdfLog.BITMAP_CACHING, com.pspdfkit.framework.utilities.PdfLog.PDF_VIEWS, com.pspdfkit.framework.utilities.PdfLog.ANNOTATIONS, com.pspdfkit.framework.utilities.PdfLog.TEXT, com.pspdfkit.framework.utilities.PdfLog.EVENT_BUS, com.pspdfkit.framework.utilities.PdfLog.INPUT_OUTPUT, com.pspdfkit.framework.utilities.PdfLog.RELEASE_LOG, com.pspdfkit.framework.utilities.PdfLog.ACCESSIBILITY, com.pspdfkit.framework.utilities.PdfLog.DATABASE, com.pspdfkit.framework.utilities.PdfLog.LOCALIZATION, com.pspdfkit.framework.utilities.PdfLog.FORMS, com.pspdfkit.framework.utilities.PdfLog.INSTANT, com.pspdfkit.framework.utilities.PdfLog.HTTP, com.pspdfkit.framework.utilities.PdfLog.SECURITY, com.pspdfkit.framework.utilities.PdfLog.CHECKPOINT, com.pspdfkit.framework.utilities.PdfLog.UNDO_REDO, com.pspdfkit.framework.utilities.PdfLog.JAVASCRIPT, com.pspdfkit.framework.utilities.PdfLog.METADATA}" />
    </annotation>
  </item>
  <item name="com.pspdfkit.framework.utilities.PdfLog.LogCatLogger void log(int, int, java.lang.String, java.lang.Throwable, java.lang.String) 1">
    <annotation name="android.support.annotation.IntDef">
      <val name="value" val="{com.pspdfkit.framework.utilities.PdfLog.NONE, com.pspdfkit.framework.utilities.PdfLog.BITMAP_CACHING, com.pspdfkit.framework.utilities.PdfLog.PDF_VIEWS, com.pspdfkit.framework.utilities.PdfLog.ANNOTATIONS, com.pspdfkit.framework.utilities.PdfLog.TEXT, com.pspdfkit.framework.utilities.PdfLog.EVENT_BUS, com.pspdfkit.framework.utilities.PdfLog.INPUT_OUTPUT, com.pspdfkit.framework.utilities.PdfLog.RELEASE_LOG, com.pspdfkit.framework.utilities.PdfLog.ACCESSIBILITY, com.pspdfkit.framework.utilities.PdfLog.DATABASE, com.pspdfkit.framework.utilities.PdfLog.LOCALIZATION, com.pspdfkit.framework.utilities.PdfLog.FORMS, com.pspdfkit.framework.utilities.PdfLog.INSTANT, com.pspdfkit.framework.utilities.PdfLog.HTTP, com.pspdfkit.framework.utilities.PdfLog.SECURITY, com.pspdfkit.framework.utilities.PdfLog.CHECKPOINT, com.pspdfkit.framework.utilities.PdfLog.UNDO_REDO, com.pspdfkit.framework.utilities.PdfLog.JAVASCRIPT, com.pspdfkit.framework.utilities.PdfLog.METADATA}" />
    </annotation>
  </item>
  <item name="com.pspdfkit.framework.utilities.PdfLog.Logger boolean isLogged(int, int) 1">
    <annotation name="android.support.annotation.IntDef">
      <val name="value" val="{com.pspdfkit.framework.utilities.PdfLog.NONE, com.pspdfkit.framework.utilities.PdfLog.BITMAP_CACHING, com.pspdfkit.framework.utilities.PdfLog.PDF_VIEWS, com.pspdfkit.framework.utilities.PdfLog.ANNOTATIONS, com.pspdfkit.framework.utilities.PdfLog.TEXT, com.pspdfkit.framework.utilities.PdfLog.EVENT_BUS, com.pspdfkit.framework.utilities.PdfLog.INPUT_OUTPUT, com.pspdfkit.framework.utilities.PdfLog.RELEASE_LOG, com.pspdfkit.framework.utilities.PdfLog.ACCESSIBILITY, com.pspdfkit.framework.utilities.PdfLog.DATABASE, com.pspdfkit.framework.utilities.PdfLog.LOCALIZATION, com.pspdfkit.framework.utilities.PdfLog.FORMS, com.pspdfkit.framework.utilities.PdfLog.INSTANT, com.pspdfkit.framework.utilities.PdfLog.HTTP, com.pspdfkit.framework.utilities.PdfLog.SECURITY, com.pspdfkit.framework.utilities.PdfLog.CHECKPOINT, com.pspdfkit.framework.utilities.PdfLog.UNDO_REDO, com.pspdfkit.framework.utilities.PdfLog.JAVASCRIPT, com.pspdfkit.framework.utilities.PdfLog.METADATA}" />
    </annotation>
  </item>
  <item name="com.pspdfkit.framework.utilities.PdfLog.Logger void log(int, int, java.lang.String, java.lang.Throwable, java.lang.String) 1">
    <annotation name="android.support.annotation.IntDef">
      <val name="value" val="{com.pspdfkit.framework.utilities.PdfLog.NONE, com.pspdfkit.framework.utilities.PdfLog.BITMAP_CACHING, com.pspdfkit.framework.utilities.PdfLog.PDF_VIEWS, com.pspdfkit.framework.utilities.PdfLog.ANNOTATIONS, com.pspdfkit.framework.utilities.PdfLog.TEXT, com.pspdfkit.framework.utilities.PdfLog.EVENT_BUS, com.pspdfkit.framework.utilities.PdfLog.INPUT_OUTPUT, com.pspdfkit.framework.utilities.PdfLog.RELEASE_LOG, com.pspdfkit.framework.utilities.PdfLog.ACCESSIBILITY, com.pspdfkit.framework.utilities.PdfLog.DATABASE, com.pspdfkit.framework.utilities.PdfLog.LOCALIZATION, com.pspdfkit.framework.utilities.PdfLog.FORMS, com.pspdfkit.framework.utilities.PdfLog.INSTANT, com.pspdfkit.framework.utilities.PdfLog.HTTP, com.pspdfkit.framework.utilities.PdfLog.SECURITY, com.pspdfkit.framework.utilities.PdfLog.CHECKPOINT, com.pspdfkit.framework.utilities.PdfLog.UNDO_REDO, com.pspdfkit.framework.utilities.PdfLog.JAVASCRIPT, com.pspdfkit.framework.utilities.PdfLog.METADATA}" />
    </annotation>
  </item>
  <item name="com.pspdfkit.framework.utilities.PdfLog.Logger void logWithPriority(int, int, java.lang.String, java.lang.Throwable, java.lang.String, java.lang.Object...) 1">
    <annotation name="android.support.annotation.IntDef">
      <val name="value" val="{com.pspdfkit.framework.utilities.PdfLog.NONE, com.pspdfkit.framework.utilities.PdfLog.BITMAP_CACHING, com.pspdfkit.framework.utilities.PdfLog.PDF_VIEWS, com.pspdfkit.framework.utilities.PdfLog.ANNOTATIONS, com.pspdfkit.framework.utilities.PdfLog.TEXT, com.pspdfkit.framework.utilities.PdfLog.EVENT_BUS, com.pspdfkit.framework.utilities.PdfLog.INPUT_OUTPUT, com.pspdfkit.framework.utilities.PdfLog.RELEASE_LOG, com.pspdfkit.framework.utilities.PdfLog.ACCESSIBILITY, com.pspdfkit.framework.utilities.PdfLog.DATABASE, com.pspdfkit.framework.utilities.PdfLog.LOCALIZATION, com.pspdfkit.framework.utilities.PdfLog.FORMS, com.pspdfkit.framework.utilities.PdfLog.INSTANT, com.pspdfkit.framework.utilities.PdfLog.HTTP, com.pspdfkit.framework.utilities.PdfLog.SECURITY, com.pspdfkit.framework.utilities.PdfLog.CHECKPOINT, com.pspdfkit.framework.utilities.PdfLog.UNDO_REDO, com.pspdfkit.framework.utilities.PdfLog.JAVASCRIPT, com.pspdfkit.framework.utilities.PdfLog.METADATA}" />
    </annotation>
  </item>
  <item name="com.pspdfkit.framework.utilities.PdfLog.LoggingCategory">
    <annotation name="android.support.annotation.IntDef">
      <val name="value" val="{com.pspdfkit.framework.utilities.PdfLog.NONE, com.pspdfkit.framework.utilities.PdfLog.BITMAP_CACHING, com.pspdfkit.framework.utilities.PdfLog.PDF_VIEWS, com.pspdfkit.framework.utilities.PdfLog.ANNOTATIONS, com.pspdfkit.framework.utilities.PdfLog.TEXT, com.pspdfkit.framework.utilities.PdfLog.EVENT_BUS, com.pspdfkit.framework.utilities.PdfLog.INPUT_OUTPUT, com.pspdfkit.framework.utilities.PdfLog.RELEASE_LOG, com.pspdfkit.framework.utilities.PdfLog.ACCESSIBILITY, com.pspdfkit.framework.utilities.PdfLog.DATABASE, com.pspdfkit.framework.utilities.PdfLog.LOCALIZATION, com.pspdfkit.framework.utilities.PdfLog.FORMS, com.pspdfkit.framework.utilities.PdfLog.INSTANT, com.pspdfkit.framework.utilities.PdfLog.HTTP, com.pspdfkit.framework.utilities.PdfLog.SECURITY, com.pspdfkit.framework.utilities.PdfLog.CHECKPOINT, com.pspdfkit.framework.utilities.PdfLog.UNDO_REDO, com.pspdfkit.framework.utilities.PdfLog.JAVASCRIPT, com.pspdfkit.framework.utilities.PdfLog.METADATA}" />
    </annotation>
  </item>
  <item name="com.pspdfkit.framework.utilities.PdfLog.ReleaseLogger boolean isLogged(int, int) 1">
    <annotation name="android.support.annotation.IntDef">
      <val name="value" val="{com.pspdfkit.framework.utilities.PdfLog.NONE, com.pspdfkit.framework.utilities.PdfLog.BITMAP_CACHING, com.pspdfkit.framework.utilities.PdfLog.PDF_VIEWS, com.pspdfkit.framework.utilities.PdfLog.ANNOTATIONS, com.pspdfkit.framework.utilities.PdfLog.TEXT, com.pspdfkit.framework.utilities.PdfLog.EVENT_BUS, com.pspdfkit.framework.utilities.PdfLog.INPUT_OUTPUT, com.pspdfkit.framework.utilities.PdfLog.RELEASE_LOG, com.pspdfkit.framework.utilities.PdfLog.ACCESSIBILITY, com.pspdfkit.framework.utilities.PdfLog.DATABASE, com.pspdfkit.framework.utilities.PdfLog.LOCALIZATION, com.pspdfkit.framework.utilities.PdfLog.FORMS, com.pspdfkit.framework.utilities.PdfLog.INSTANT, com.pspdfkit.framework.utilities.PdfLog.HTTP, com.pspdfkit.framework.utilities.PdfLog.SECURITY, com.pspdfkit.framework.utilities.PdfLog.CHECKPOINT, com.pspdfkit.framework.utilities.PdfLog.UNDO_REDO, com.pspdfkit.framework.utilities.PdfLog.JAVASCRIPT, com.pspdfkit.framework.utilities.PdfLog.METADATA}" />
    </annotation>
  </item>
  <item name="com.pspdfkit.framework.utilities.Threading io.reactivex.Scheduler getIoScheduler(int) 0">
    <annotation name="android.support.annotation.IntDef">
      <val name="value" val="{com.pspdfkit.framework.utilities.threading.PriorityScheduler.PRIORITY_HIGHER, com.pspdfkit.framework.utilities.threading.PriorityScheduler.PRIORITY_HIGH, com.pspdfkit.framework.utilities.threading.PriorityScheduler.PRIORITY_NORMAL, com.pspdfkit.framework.utilities.threading.PriorityScheduler.PRIORITY_LOW, com.pspdfkit.framework.utilities.threading.PriorityScheduler.PRIORITY_BACKGROUND}" />
    </annotation>
  </item>
</root>

