<?xml version="1.0" encoding="UTF-8"?>
<root>
  <item name="com.pspdfkit.document.OutlineElement int getStyle()">
    <annotation name="android.support.annotation.IntDef">
      <val name="value" val="{android.graphics.Typeface.NORMAL, android.graphics.Typeface.ITALIC, android.graphics.Typeface.BOLD_ITALIC, android.graphics.Typeface.BOLD}" />
    </annotation>
  </item>
  <item name="com.pspdfkit.document.OutlineElement.OutlineElementStyle">
    <annotation name="android.support.annotation.IntDef">
      <val name="value" val="{android.graphics.Typeface.NORMAL, android.graphics.Typeface.ITALIC, android.graphics.Typeface.BOLD_ITALIC, android.graphics.Typeface.BOLD}" />
    </annotation>
  </item>
  <item name="com.pspdfkit.document.PdfDocument int getPageRotation(int)">
    <annotation name="android.support.annotation.IntDef">
      <val name="value" val="{com.pspdfkit.document.PdfDocument.NO_ROTATION, com.pspdfkit.document.PdfDocument.ROTATION_90, com.pspdfkit.document.PdfDocument.ROTATION_180, com.pspdfkit.document.PdfDocument.ROTATION_270}" />
    </annotation>
  </item>
  <item name="com.pspdfkit.document.PdfDocument int getRotationOffset(int)">
    <annotation name="android.support.annotation.IntDef">
      <val name="value" val="{com.pspdfkit.document.PdfDocument.NO_ROTATION, com.pspdfkit.document.PdfDocument.ROTATION_90, com.pspdfkit.document.PdfDocument.ROTATION_180, com.pspdfkit.document.PdfDocument.ROTATION_270}" />
    </annotation>
  </item>
  <item name="com.pspdfkit.document.PdfDocument void setRotationOffset(int, int) 0">
    <annotation name="android.support.annotation.IntDef">
      <val name="value" val="{com.pspdfkit.document.PdfDocument.NO_ROTATION, com.pspdfkit.document.PdfDocument.ROTATION_90, com.pspdfkit.document.PdfDocument.ROTATION_180, com.pspdfkit.document.PdfDocument.ROTATION_270}" />
    </annotation>
  </item>
  <item name="com.pspdfkit.document.PdfDocument.PageRotation">
    <annotation name="android.support.annotation.IntDef">
      <val name="value" val="{com.pspdfkit.document.PdfDocument.NO_ROTATION, com.pspdfkit.document.PdfDocument.ROTATION_90, com.pspdfkit.document.PdfDocument.ROTATION_180, com.pspdfkit.document.PdfDocument.ROTATION_270}" />
    </annotation>
  </item>
</root>

