<?xml version="1.0" encoding="UTF-8"?>
<root>
  <item name="com.pspdfkit.framework.jni.NativeConverters int degreesToNativeRotation(int)">
    <annotation name="android.support.annotation.IntDef">
      <val name="value" val="{com.pspdfkit.framework.model.InternalPdfDocument.INTERNAL_NO_ROTATION, com.pspdfkit.framework.model.InternalPdfDocument.INTERNAL_ROTATION_90, com.pspdfkit.framework.model.InternalPdfDocument.INTERNAL_ROTATION_180, com.pspdfkit.framework.model.InternalPdfDocument.INTERNAL_ROTATION_270}" />
    </annotation>
  </item>
  <item name="com.pspdfkit.framework.jni.NativeConverters int degreesToNativeRotation(int) 0">
    <annotation name="android.support.annotation.IntDef">
      <val name="value" val="{com.pspdfkit.document.PdfDocument.NO_ROTATION, com.pspdfkit.document.PdfDocument.ROTATION_90, com.pspdfkit.document.PdfDocument.ROTATION_180, com.pspdfkit.document.PdfDocument.ROTATION_270}" />
    </annotation>
  </item>
  <item name="com.pspdfkit.framework.jni.NativeConverters int nativeRotationToDegrees(int)">
    <annotation name="android.support.annotation.IntDef">
      <val name="value" val="{com.pspdfkit.document.PdfDocument.NO_ROTATION, com.pspdfkit.document.PdfDocument.ROTATION_90, com.pspdfkit.document.PdfDocument.ROTATION_180, com.pspdfkit.document.PdfDocument.ROTATION_270}" />
    </annotation>
  </item>
  <item name="com.pspdfkit.framework.jni.NativeConverters int nativeRotationToDegrees(int) 0">
    <annotation name="android.support.annotation.IntDef">
      <val name="value" val="{com.pspdfkit.framework.model.InternalPdfDocument.INTERNAL_NO_ROTATION, com.pspdfkit.framework.model.InternalPdfDocument.INTERNAL_ROTATION_90, com.pspdfkit.framework.model.InternalPdfDocument.INTERNAL_ROTATION_180, com.pspdfkit.framework.model.InternalPdfDocument.INTERNAL_ROTATION_270}" />
    </annotation>
  </item>
</root>

