<?xml version="1.0" encoding="UTF-8"?>
<root>
  <item name="com.pspdfkit.framework.model.InternalPdfDocument int getOverrideRotation(int)">
    <annotation name="android.support.annotation.IntDef">
      <val name="value" val="{com.pspdfkit.framework.model.InternalPdfDocument.INTERNAL_NO_ROTATION, com.pspdfkit.framework.model.InternalPdfDocument.INTERNAL_ROTATION_90, com.pspdfkit.framework.model.InternalPdfDocument.INTERNAL_ROTATION_180, com.pspdfkit.framework.model.InternalPdfDocument.INTERNAL_ROTATION_270}" />
    </annotation>
  </item>
  <item name="com.pspdfkit.framework.model.InternalPdfDocument int getPageRotation(int)">
    <annotation name="android.support.annotation.IntDef">
      <val name="value" val="{com.pspdfkit.framework.model.InternalPdfDocument.INTERNAL_NO_ROTATION, com.pspdfkit.framework.model.InternalPdfDocument.INTERNAL_ROTATION_90, com.pspdfkit.framework.model.InternalPdfDocument.INTERNAL_ROTATION_180, com.pspdfkit.framework.model.InternalPdfDocument.INTERNAL_ROTATION_270}" />
    </annotation>
  </item>
  <item name="com.pspdfkit.framework.model.InternalPdfDocument io.reactivex.Scheduler getMetadataScheduler(int) 0">
    <annotation name="android.support.annotation.IntDef">
      <val name="value" val="{com.pspdfkit.framework.utilities.threading.PriorityScheduler.PRIORITY_HIGHER, com.pspdfkit.framework.utilities.threading.PriorityScheduler.PRIORITY_HIGH, com.pspdfkit.framework.utilities.threading.PriorityScheduler.PRIORITY_NORMAL, com.pspdfkit.framework.utilities.threading.PriorityScheduler.PRIORITY_LOW, com.pspdfkit.framework.utilities.threading.PriorityScheduler.PRIORITY_BACKGROUND}" />
    </annotation>
  </item>
  <item name="com.pspdfkit.framework.model.InternalPdfDocument io.reactivex.Scheduler getRenderingScheduler(int) 0">
    <annotation name="android.support.annotation.IntDef">
      <val name="value" val="{com.pspdfkit.framework.utilities.threading.PriorityScheduler.PRIORITY_HIGHER, com.pspdfkit.framework.utilities.threading.PriorityScheduler.PRIORITY_HIGH, com.pspdfkit.framework.utilities.threading.PriorityScheduler.PRIORITY_NORMAL, com.pspdfkit.framework.utilities.threading.PriorityScheduler.PRIORITY_LOW, com.pspdfkit.framework.utilities.threading.PriorityScheduler.PRIORITY_BACKGROUND}" />
    </annotation>
  </item>
  <item name="com.pspdfkit.framework.model.InternalPdfDocument void internalSetPageRotation(int, int) 0">
    <annotation name="android.support.annotation.IntDef">
      <val name="value" val="{com.pspdfkit.framework.model.InternalPdfDocument.INTERNAL_NO_ROTATION, com.pspdfkit.framework.model.InternalPdfDocument.INTERNAL_ROTATION_90, com.pspdfkit.framework.model.InternalPdfDocument.INTERNAL_ROTATION_180, com.pspdfkit.framework.model.InternalPdfDocument.INTERNAL_ROTATION_270}" />
    </annotation>
  </item>
  <item name="com.pspdfkit.framework.model.InternalPdfDocument void setRotationOffset(int, int) 0">
    <annotation name="android.support.annotation.IntDef">
      <val name="value" val="{com.pspdfkit.framework.model.InternalPdfDocument.INTERNAL_NO_ROTATION, com.pspdfkit.framework.model.InternalPdfDocument.INTERNAL_ROTATION_90, com.pspdfkit.framework.model.InternalPdfDocument.INTERNAL_ROTATION_180, com.pspdfkit.framework.model.InternalPdfDocument.INTERNAL_ROTATION_270}" />
    </annotation>
  </item>
  <item name="com.pspdfkit.framework.model.InternalPdfDocument.InternalPageRotation">
    <annotation name="android.support.annotation.IntDef">
      <val name="value" val="{com.pspdfkit.framework.model.InternalPdfDocument.INTERNAL_NO_ROTATION, com.pspdfkit.framework.model.InternalPdfDocument.INTERNAL_ROTATION_90, com.pspdfkit.framework.model.InternalPdfDocument.INTERNAL_ROTATION_180, com.pspdfkit.framework.model.InternalPdfDocument.INTERNAL_ROTATION_270}" />
    </annotation>
  </item>
</root>

