<?xml version="1.0" encoding="UTF-8"?>
<root>
  <item name="com.pspdfkit.configuration.activity.PdfActivityConfiguration int getSearchType()">
    <annotation name="android.support.annotation.IntDef">
      <val name="value" val="{com.pspdfkit.configuration.activity.PdfActivityConfiguration.SEARCH_INLINE, com.pspdfkit.configuration.activity.PdfActivityConfiguration.SEARCH_MODULAR}" />
    </annotation>
  </item>
  <item name="com.pspdfkit.configuration.activity.PdfActivityConfiguration.Builder com.pspdfkit.configuration.activity.PdfActivityConfiguration.Builder setSearchType(int) 0">
    <annotation name="android.support.annotation.IntDef">
      <val name="value" val="{com.pspdfkit.configuration.activity.PdfActivityConfiguration.SEARCH_INLINE, com.pspdfkit.configuration.activity.PdfActivityConfiguration.SEARCH_MODULAR}" />
    </annotation>
  </item>
  <item name="com.pspdfkit.configuration.activity.PdfActivityConfiguration.Builder searchType">
    <annotation name="android.support.annotation.IntDef">
      <val name="value" val="{com.pspdfkit.configuration.activity.PdfActivityConfiguration.SEARCH_INLINE, com.pspdfkit.configuration.activity.PdfActivityConfiguration.SEARCH_MODULAR}" />
    </annotation>
  </item>
  <item name="com.pspdfkit.configuration.activity.PdfActivityConfiguration.SearchType">
    <annotation name="android.support.annotation.IntDef">
      <val name="value" val="{com.pspdfkit.configuration.activity.PdfActivityConfiguration.SEARCH_INLINE, com.pspdfkit.configuration.activity.PdfActivityConfiguration.SEARCH_MODULAR}" />
    </annotation>
  </item>
</root>

